N_Scheduler,Time,N_processes,N_products
1,9,1,1
1,26,1,501
1,35,1,1001
1,52,1,1501
1,129,1,2001
1,88,1,2501
1,112,1,3001
1,132,1,3501
1,139,1,4001
1,195,1,4501
1,127,1,5001
1,154,1,5501
1,169,1,6001
1,150,1,6501
1,158,1,7001
1,181,1,7501
1,169,1,8001
1,190,1,8501
1,527,1,9001
1,375,1,9501
1,323,1,10001
1,13,2,1
1,63,2,501
1,59,2,1001
1,94,2,1501
1,100,2,2001
1,165,2,2501
1,191,2,3001
1,299,2,3501
1,229,2,4001
1,262,2,4501
1,245,2,5001
1,292,2,5501
1,389,2,6001
1,479,2,6501
1,454,2,7001
1,490,2,7501
1,416,2,8001
1,401,2,8501
1,629,2,9001
1,698,2,9501
1,639,2,10001
1,20,3,1
1,97,3,501
1,164,3,1001
1,204,3,1501
1,149,3,2001
1,248,3,2501
1,284,3,3001
1,377,3,3501
1,415,3,4001
1,505,3,4501
1,338,3,5001
1,497,3,5501
1,533,3,6001
1,560,3,6501
1,699,3,7001
1,754,3,7501
1,574,3,8001
1,737,3,8501
1,1201,3,9001
1,1067,3,9501
1,837,3,10001
1,25,4,1
1,101,4,501
1,159,4,1001
1,235,4,1501
1,239,4,2001
1,394,4,2501
1,359,4,3001
1,404,4,3501
1,420,4,4001
1,440,4,4501
1,420,4,5001
1,639,4,5501
1,730,4,6001
1,649,4,6501
1,743,4,7001
1,863,4,7501
1,795,4,8001
1,746,4,8501
1,1304,4,9001
1,1752,4,9501
1,1339,4,10001
1,27,5,1
1,93,5,501
1,139,5,1001
1,229,5,1501
1,213,5,2001
1,342,5,2501
1,368,5,3001
1,477,5,3501
1,586,5,4001
1,577,5,4501
1,544,5,5001
1,748,5,5501
1,1005,5,6001
1,1088,5,6501
1,1421,5,7001
1,1122,5,7501
1,1264,5,8001
1,1390,5,8501
1,1574,5,9001
1,1842,5,9501
1,2392,5,10001
1,51,6,1
1,182,6,501
1,258,6,1001
1,319,6,1501
1,298,6,2001
1,368,6,2501
1,450,6,3001
1,544,6,3501
1,851,6,4001
1,906,6,4501
1,785,6,5001
1,942,6,5501
1,1036,6,6001
1,1246,6,6501
1,1275,6,7001
1,1331,6,7501
1,1186,6,8001
1,1113,6,8501
1,2344,6,9001
1,2153,6,9501
1,2154,6,10001
1,70,7,1
1,143,7,501
1,258,7,1001
1,376,7,1501
1,383,7,2001
1,457,7,2501
1,527,7,3001
1,759,7,3501
1,849,7,4001
1,808,7,4501
1,888,7,5001
1,1227,7,5501
1,1110,7,6001
1,1271,7,6501
1,1432,7,7001
1,1253,7,7501
1,1307,7,8001
1,1482,7,8501
1,2221,7,9001
1,2085,7,9501
1,1867,7,10001
1,49,8,1
1,196,8,501
1,277,8,1001
1,401,8,1501
1,366,8,2001
1,474,8,2501
1,855,8,3001
1,764,8,3501
1,1036,8,4001
1,1242,8,4501
1,1164,8,5001
1,1537,8,5501
1,1771,8,6001
1,1590,8,6501
1,1379,8,7001
1,1577,8,7501
1,2212,8,8001
1,2101,8,8501
1,2626,8,9001
1,3655,8,9501
1,2767,8,10001
1,122,16,1
1,373,16,501
1,575,16,1001
1,799,16,1501
1,698,16,2001
1,1029,16,2501
1,1736,16,3001
1,1524,16,3501
1,1731,16,4001
1,2237,16,4501
1,1771,16,5001
1,2581,16,5501
1,3249,16,6001
1,3013,16,6501
1,3216,16,7001
1,3225,16,7501
1,4090,16,8001
1,3070,16,8501
1,5287,16,9001
1,5603,16,9501
1,4594,16,10001
1,110,24,1
1,472,24,501
1,678,24,1001
1,1105,24,1501
1,1101,24,2001
1,1417,24,2501
1,2537,24,3001
1,2451,24,3501
1,2723,24,4001
1,3114,24,4501
1,2892,24,5001
1,4623,24,5501
1,4023,24,6001
1,4651,24,6501
1,5744,24,7001
1,5190,24,7501
1,5154,24,8001
1,6404,24,8501
1,8467,24,9001
1,8782,24,9501
1,7888,24,10001
1,156,32,1
1,680,32,501
1,1236,32,1001
1,1649,32,1501
1,1402,32,2001
1,2087,32,2501
1,2934,32,3001
1,3046,32,3501
1,3682,32,4001
1,4694,32,4501
1,4838,32,5001
1,6840,32,5501
1,6106,32,6001
1,6394,32,6501
1,6215,32,7001
1,7385,32,7501
1,7272,32,8001
1,7115,32,8501
1,9565,32,9001
1,10907,32,9501
1,9892,32,10001
1,138,40,1
1,751,40,501
1,1230,40,1001
1,1703,40,1501
1,1744,40,2001
1,3259,40,2501
1,3542,40,3001
1,4315,40,3501
1,5141,40,4001
1,6688,40,4501
1,6528,40,5001
1,7753,40,5501
1,8691,40,6001
1,8964,40,6501
1,7920,40,7001
1,9313,40,7501
1,9444,40,8001
1,9839,40,8501
1,14505,40,9001
1,12996,40,9501
1,13095,40,10001
1,157,48,1
1,819,48,501
1,1205,48,1001
1,2068,48,1501
1,2401,48,2001
1,3131,48,2501
1,4503,48,3001
1,4642,48,3501
1,5472,48,4001
1,6633,48,4501
1,6414,48,5001
1,8729,48,5501
1,8740,48,6001
1,9379,48,6501
1,10571,48,7001
1,10817,48,7501
1,11074,48,8001
1,10970,48,8501
1,16110,48,9001
1,15959,48,9501
1,16525,48,10001
1,357,120,1
1,1835,120,501
1,2933,120,1001
1,6389,120,1501
1,7135,120,2001
1,10392,120,2501
1,11376,120,3001
1,13197,120,3501
1,16588,120,4001
1,20269,120,4501
1,17926,120,5001
1,25235,120,5501
1,24254,120,6001
1,35513,120,6501
1,30298,120,7001
1,27751,120,7501
1,31186,120,8001
1,30906,120,8501
1,42139,120,9001
1,44305,120,9501
1,46514,120,10001
1,584,160,1
1,2553,160,501
1,4049,160,1001
1,9092,160,1501
1,7459,160,2001
1,13881,160,2501
1,15513,160,3001
1,17713,160,3501
1,19209,160,4001
1,23110,160,4501
1,21269,160,5001
1,27422,160,5501
1,32818,160,6001
1,30713,160,6501
1,32484,160,7001
1,35003,160,7501
1,37435,160,8001
1,37865,160,8501
1,51405,160,9001
1,51551,160,9501
1,54653,160,10001
1,530,240,1
1,3370,240,501
1,6095,240,1001
1,12120,240,1501
1,11753,240,2001
1,13257,240,2501
1,18179,240,3001
1,27422,240,3501
1,27592,240,4001
1,35524,240,4501
1,32545,240,5001
1,41531,240,5501
1,42608,240,6001
1,43510,240,6501
1,49637,240,7001
1,57779,240,7501
1,70035,240,8001
1,56258,240,8501
1,81053,240,9001
1,93113,240,9501
1,88555,240,10001
1,1373,280,1
1,5965,280,501
1,6989,280,1001
1,12098,280,1501
1,12522,280,2001
1,15700,280,2501
1,23971,280,3001
1,31214,280,3501
1,32699,280,4001
1,35315,280,4501
1,33836,280,5001
1,43372,280,5501
1,56860,280,6001
1,56326,280,6501
1,54084,280,7001
1,55463,280,7501
1,69009,280,8001
1,60371,280,8501
1,85178,280,9001
1,94308,280,9501
1,106502,280,10001
1,793,320,1
1,4633,320,501
1,6947,320,1001
1,13296,320,1501
1,15743,320,2001
1,18511,320,2501
1,26863,320,3001
1,32292,320,3501
1,37211,320,4001
1,41545,320,4501
1,39926,320,5001
1,48430,320,5501
1,53758,320,6001
1,60424,320,6501
1,62525,320,7001
1,69253,320,7501
1,71962,320,8001
1,69400,320,8501
1,98997,320,9001
1,108222,320,9501
1,110736,320,10001
1,853,360,1
1,5055,360,501
1,8029,360,1001
1,21971,360,1501
1,17845,360,2001
1,25358,360,2501
1,29039,360,3001
1,36535,360,3501
1,42141,360,4001
1,41204,360,4501
1,41597,360,5001
1,59246,360,5501
1,60887,360,6001
1,66468,360,6501
1,69551,360,7001
1,71525,360,7501
1,78747,360,8001
1,74863,360,8501
1,105956,360,9001
1,124509,360,9501
1,121330,360,10001
1,970,400,1
1,5866,400,501
1,8873,400,1001
1,18508,400,1501
1,16313,400,2001
1,20105,400,2501
1,29708,400,3001
1,37402,400,3501
1,42856,400,4001
1,50135,400,4501
1,51979,400,5001
1,66663,400,5501
1,74248,400,6001
1,84411,400,6501
1,82644,400,7001
1,83505,400,7501
1,85481,400,8001
1,99678,400,8501
1,165304,400,9001
1,151541,400,9501
1,137284,400,10001
2,24,1,1
2,60,1,501
2,85,1,1001
2,95,1,1501
2,90,1,2001
2,176,1,2501
2,182,1,3001
2,146,1,3501
2,150,1,4001
2,148,1,4501
2,142,1,5001
2,235,1,5501
2,220,1,6001
2,213,1,6501
2,243,1,7001
2,222,1,7501
2,306,1,8001
2,205,1,8501
2,311,1,9001
2,296,1,9501
2,303,1,10001
2,33,2,1
2,51,2,501
2,80,2,1001
2,131,2,1501
2,111,2,2001
2,151,2,2501
2,167,2,3001
2,263,2,3501
2,314,2,4001
2,446,2,4501
2,425,2,5001
2,493,2,5501
2,628,2,6001
2,610,2,6501
2,617,2,7001
2,617,2,7501
2,393,2,8001
2,458,2,8501
2,510,2,9001
2,489,2,9501
2,482,2,10001
2,43,3,1
2,161,3,501
2,122,3,1001
2,186,3,1501
2,212,3,2001
2,266,3,2501
2,304,3,3001
2,351,3,3501
2,352,3,4001
2,337,3,4501
2,333,3,5001
2,397,3,5501
2,439,3,6001
2,457,3,6501
2,537,3,7001
2,474,3,7501
2,537,3,8001
2,622,3,8501
2,866,3,9001
2,726,3,9501
2,884,3,10001
2,36,4,1
2,125,4,501
2,171,4,1001
2,227,4,1501
2,211,4,2001
2,281,4,2501
2,283,4,3001
2,388,4,3501
2,340,4,4001
2,314,4,4501
2,319,4,5001
2,485,4,5501
2,620,4,6001
2,482,4,6501
2,605,4,7001
2,686,4,7501
2,658,4,8001
2,595,4,8501
2,869,4,9001
2,890,4,9501
2,860,4,10001
2,34,5,1
2,132,5,501
2,172,5,1001
2,210,5,1501
2,211,5,2001
2,242,5,2501
2,337,5,3001
2,460,5,3501
2,508,5,4001
2,530,5,4501
2,482,5,5001
2,820,5,5501
2,874,5,6001
2,699,5,6501
2,770,5,7001
2,747,5,7501
2,702,5,8001
2,759,5,8501
2,1288,5,9001
2,1215,5,9501
2,1146,5,10001
2,42,6,1
2,180,6,501
2,302,6,1001
2,273,6,1501
2,241,6,2001
2,284,6,2501
2,301,6,3001
2,578,6,3501
2,417,6,4001
2,465,6,4501
2,428,6,5001
2,550,6,5501
2,645,6,6001
2,624,6,6501
2,666,6,7001
2,858,6,7501
2,748,6,8001
2,859,6,8501
2,1069,6,9001
2,1116,6,9501
2,1032,6,10001
2,37,7,1
2,140,7,501
2,169,7,1001
2,231,7,1501
2,307,7,2001
2,374,7,2501
2,373,7,3001
2,496,7,3501
2,567,7,4001
2,689,7,4501
2,666,7,5001
2,875,7,5501
2,829,7,6001
2,761,7,6501
2,783,7,7001
2,811,7,7501
2,867,7,8001
2,864,7,8501
2,1164,7,9001
2,1299,7,9501
2,1277,7,10001
2,75,8,1
2,200,8,501
2,263,8,1001
2,390,8,1501
2,321,8,2001
2,413,8,2501
2,408,8,3001
2,562,8,3501
2,582,8,4001
2,639,8,4501
2,668,8,5001
2,921,8,5501
2,856,8,6001
2,787,8,6501
2,1133,8,7001
2,1072,8,7501
2,1041,8,8001
2,1022,8,8501
2,1359,8,9001
2,1402,8,9501
2,1223,8,10001
2,83,16,1
2,211,16,501
2,286,16,1001
2,451,16,1501
2,459,16,2001
2,686,16,2501
2,893,16,3001
2,933,16,3501
2,1245,16,4001
2,996,16,4501
2,1160,16,5001
2,1551,16,5501
2,1557,16,6001
2,1817,16,6501
2,1973,16,7001
2,2243,16,7501
2,1820,16,8001
2,2216,16,8501
2,2799,16,9001
2,3232,16,9501
2,3494,16,10001
2,151,24,1
2,338,24,501
2,442,24,1001
2,743,24,1501
2,681,24,2001
2,1024,24,2501
2,1122,24,3001
2,1787,24,3501
2,1905,24,4001
2,1826,24,4501
2,1483,24,5001
2,2164,24,5501
2,2789,24,6001
2,2874,24,6501
2,2507,24,7001
2,2529,24,7501
2,2474,24,8001
2,2804,24,8501
2,4518,24,9001
2,3661,24,9501
2,3700,24,10001
2,132,32,1
2,438,32,501
2,652,32,1001
2,882,32,1501
2,1073,32,2001
2,1199,32,2501
2,1494,32,3001
2,1833,32,3501
2,1887,32,4001
2,2476,32,4501
2,2493,32,5001
2,2938,32,5501
2,3272,32,6001
2,2887,32,6501
2,4234,32,7001
2,4023,32,7501
2,3920,32,8001
2,4556,32,8501
2,6029,32,9001
2,5852,32,9501
2,6260,32,10001
2,154,40,1
2,503,40,501
2,1006,40,1001
2,1449,40,1501
2,1421,40,2001
2,1824,40,2501
2,2388,40,3001
2,2800,40,3501
2,2518,40,4001
2,2442,40,4501
2,2719,40,5001
2,4049,40,5501
2,4849,40,6001
2,5308,40,6501
2,6449,40,7001
2,4850,40,7501
2,4589,40,8001
2,6643,40,8501
2,7130,40,9001
2,8451,40,9501
2,8533,40,10001
2,278,48,1
2,717,48,501
2,887,48,1001
2,1447,48,1501
2,1365,48,2001
2,1967,48,2501
2,2302,48,3001
2,2830,48,3501
2,3563,48,4001
2,3459,48,4501
2,3465,48,5001
2,5640,48,5501
2,5286,48,6001
2,4038,48,6501
2,5740,48,7001
2,6127,48,7501
2,5651,48,8001
2,6248,48,8501
2,7886,48,9001
2,8605,48,9501
2,6409,48,10001
2,434,120,1
2,1401,120,501
2,2231,120,1001
2,3613,120,1501
2,3294,120,2001
2,5091,120,2501
2,7551,120,3001
2,9876,120,3501
2,7761,120,4001
2,9945,120,4501
2,12750,120,5001
2,15554,120,5501
2,14182,120,6001
2,12589,120,6501
2,11431,120,7001
2,12485,120,7501
2,15241,120,8001
2,14156,120,8501
2,17620,120,9001
2,18234,120,9501
2,22039,120,10001
2,557,160,1
2,2265,160,501
2,3077,160,1001
2,4079,160,1501
2,4028,160,2001
2,6352,160,2501
2,7048,160,3001
2,9434,160,3501
2,9208,160,4001
2,10506,160,4501
2,13096,160,5001
2,17707,160,5501
2,17105,160,6001
2,20411,160,6501
2,15603,160,7001
2,15661,160,7501
2,16598,160,8001
2,18437,160,8501
2,27643,160,9001
2,29229,160,9501
2,31269,160,10001
2,646,240,1
2,2339,240,501
2,3540,240,1001
2,7498,240,1501
2,5975,240,2001
2,9479,240,2501
2,11076,240,3001
2,13409,240,3501
2,15515,240,4001
2,16877,240,4501
2,19007,240,5001
2,27267,240,5501
2,25660,240,6001
2,27466,240,6501
2,26060,240,7001
2,23710,240,7501
2,26875,240,8001
2,33235,240,8501
2,51838,240,9001
2,42268,240,9501
2,41985,240,10001
2,872,280,1
2,3692,280,501
2,5646,280,1001
2,8771,280,1501
2,8117,280,2001
2,10156,280,2501
2,16237,280,3001
2,17847,280,3501
2,21102,280,4001
2,23885,280,4501
2,18834,280,5001
2,28223,280,5501
2,29366,280,6001
2,24892,280,6501
2,27122,280,7001
2,26031,280,7501
2,31435,280,8001
2,35664,280,8501
2,41868,280,9001
2,37538,280,9501
2,44718,280,10001
2,927,320,1
2,3621,320,501
2,6992,320,1001
2,11987,320,1501
2,11870,320,2001
2,16851,320,2501
2,18140,320,3001
2,23805,320,3501
2,22228,320,4001
2,20948,320,4501
2,21126,320,5001
2,37455,320,5501
2,38375,320,6001
2,29571,320,6501
2,32973,320,7001
2,33891,320,7501
2,36735,320,8001
2,31359,320,8501
2,61856,320,9001
2,44078,320,9501
2,46238,320,10001
2,899,360,1
2,3956,360,501
2,6076,360,1001
2,11626,360,1501
2,13164,360,2001
2,16278,360,2501
2,15624,360,3001
2,21165,360,3501
2,20326,360,4001
2,21462,360,4501
2,25291,360,5001
2,33929,360,5501
2,33237,360,6001
2,33525,360,6501
2,39933,360,7001
2,49353,360,7501
2,49259,360,8001
2,48932,360,8501
2,46394,360,9001
2,66313,360,9501
2,49875,360,10001
2,1073,400,1
2,3578,400,501
2,6133,400,1001
2,11611,400,1501
2,14146,400,2001
2,17267,400,2501
2,21627,400,3001
2,29106,400,3501
2,27805,400,4001
2,30586,400,4501
2,30860,400,5001
2,42398,400,5501
2,31339,400,6001
2,38899,400,6501
2,41632,400,7001
2,56318,400,7501
2,47215,400,8001
2,43957,400,8501
2,56205,400,9001
2,73671,400,9501
2,57396,400,10001
3,35,1,1
3,54,1,501
3,59,1,1001
3,57,1,1501
3,59,1,2001
3,81,1,2501
3,85,1,3001
3,109,1,3501
3,103,1,4001
3,129,1,4501
3,119,1,5001
3,167,1,5501
3,166,1,6001
3,163,1,6501
3,163,1,7001
3,161,1,7501
3,197,1,8001
3,244,1,8501
3,255,1,9001
3,287,1,9501
3,258,1,10001
3,16,2,1
3,51,2,501
3,66,2,1001
3,105,2,1501
3,128,2,2001
3,205,2,2501
3,186,2,3001
3,209,2,3501
3,266,2,4001
3,363,2,4501
3,365,2,5001
3,357,2,5501
3,375,2,6001
3,318,2,6501
3,342,2,7001
3,535,2,7501
3,451,2,8001
3,317,2,8501
3,547,2,9001
3,603,2,9501
3,579,2,10001
3,36,3,1
3,73,3,501
3,102,3,1001
3,152,3,1501
3,151,3,2001
3,246,3,2501
3,221,3,3001
3,263,3,3501
3,351,3,4001
3,330,3,4501
3,339,3,5001
3,437,3,5501
3,517,3,6001
3,496,3,6501
3,477,3,7001
3,510,3,7501
3,398,3,8001
3,429,3,8501
3,594,3,9001
3,619,3,9501
3,731,3,10001
3,39,4,1
3,130,4,501
3,183,4,1001
3,170,4,1501
3,179,4,2001
3,207,4,2501
3,279,4,3001
3,590,4,3501
3,349,4,4001
3,333,4,4501
3,455,4,5001
3,442,4,5501
3,434,4,6001
3,421,4,6501
3,568,4,7001
3,502,4,7501
3,510,4,8001
3,582,4,8501
3,633,4,9001
3,673,4,9501
3,541,4,10001
3,25,5,1
3,114,5,501
3,149,5,1001
3,176,5,1501
3,187,5,2001
3,221,5,2501
3,303,5,3001
3,433,5,3501
3,437,5,4001
3,489,5,4501
3,437,5,5001
3,576,5,5501
3,447,5,6001
3,466,5,6501
3,462,5,7001
3,542,5,7501
3,630,5,8001
3,541,5,8501
3,767,5,9001
3,807,5,9501
3,784,5,10001
3,39,6,1
3,147,6,501
3,193,6,1001
3,206,6,1501
3,225,6,2001
3,289,6,2501
3,326,6,3001
3,386,6,3501
3,371,6,4001
3,431,6,4501
3,473,6,5001
3,501,6,5501
3,539,6,6001
3,485,6,6501
3,506,6,7001
3,590,6,7501
3,605,6,8001
3,550,6,8501
3,754,6,9001
3,790,6,9501
3,820,6,10001
3,51,7,1
3,188,7,501
3,242,7,1001
3,289,7,1501
3,292,7,2001
3,314,7,2501
3,377,7,3001
3,450,7,3501
3,431,7,4001
3,488,7,4501
3,596,7,5001
3,589,7,5501
3,514,7,6001
3,493,7,6501
3,577,7,7001
3,597,7,7501
3,620,7,8001
3,604,7,8501
3,942,7,9001
3,821,7,9501
3,1060,7,10001
3,63,8,1
3,163,8,501
3,217,8,1001
3,324,8,1501
3,322,8,2001
3,371,8,2501
3,398,8,3001
3,490,8,3501
3,464,8,4001
3,430,8,4501
3,427,8,5001
3,542,8,5501
3,685,8,6001
3,707,8,6501
3,793,8,7001
3,848,8,7501
3,741,8,8001
3,697,8,8501
3,1010,8,9001
3,1059,8,9501
3,1029,8,10001
3,77,16,1
3,178,16,501
3,239,16,1001
3,343,16,1501
3,447,16,2001
3,586,16,2501
3,783,16,3001
3,1070,16,3501
3,804,16,4001
3,891,16,4501
3,820,16,5001
3,1187,16,5501
3,1324,16,6001
3,1106,16,6501
3,1211,16,7001
3,1279,16,7501
3,1232,16,8001
3,1250,16,8501
3,1778,16,9001
3,1718,16,9501
3,1818,16,10001
3,101,24,1
3,268,24,501
3,377,24,1001
3,552,24,1501
3,528,24,2001
3,708,24,2501
3,798,24,3001
3,1023,24,3501
3,1104,24,4001
3,1235,24,4501
3,1123,24,5001
3,1557,24,5501
3,1925,24,6001
3,1805,24,6501
3,2205,24,7001
3,2420,24,7501
3,2161,24,8001
3,1689,24,8501
3,2364,24,9001
3,3424,24,9501
3,2576,24,10001
3,115,32,1
3,300,32,501
3,437,32,1001
3,649,32,1501
3,654,32,2001
3,845,32,2501
3,1033,32,3001
3,1406,32,3501
3,1591,32,4001
3,1539,32,4501
3,1428,32,5001
3,2055,32,5501
3,2150,32,6001
3,2039,32,6501
3,2804,32,7001
3,3049,32,7501
3,2615,32,8001
3,2347,32,8501
3,3343,32,9001
3,4778,32,9501
3,4024,32,10001
3,180,40,1
3,418,40,501
3,543,40,1001
3,803,40,1501
3,820,40,2001
3,1178,40,2501
3,1341,40,3001
3,1978,40,3501
3,2063,40,4001
3,2118,40,4501
3,2302,40,5001
3,2834,40,5501
3,3482,40,6001
3,3057,40,6501
3,3346,40,7001
3,3435,40,7501
3,3900,40,8001
3,3760,40,8501
3,4817,40,9001
3,5198,40,9501
3,5566,40,10001
3,220,48,1
3,472,48,501
3,739,48,1001
3,1193,48,1501
3,1277,48,2001
3,1579,48,2501
3,1873,48,3001
3,1884,48,3501
3,2294,48,4001
3,2648,48,4501
3,2246,48,5001
3,3901,48,5501
3,3194,48,6001
3,3016,48,6501
3,2927,48,7001
3,3678,48,7501
3,3353,48,8001
3,3006,48,8501
3,4816,48,9001
3,6195,48,9501
3,5934,48,10001
3,382,120,1
3,1221,120,501
3,1895,120,1001
3,2674,120,1501
3,2678,120,2001
3,2856,120,2501
3,3408,120,3001
3,5394,120,3501
3,4505,120,4001
3,4899,120,4501
3,5456,120,5001
3,7171,120,5501
3,9765,120,6001
3,9177,120,6501
3,9362,120,7001
3,7689,120,7501
3,9235,120,8001
3,8875,120,8501
3,10387,120,9001
3,12512,120,9501
3,12216,120,10001
3,393,160,1
3,1237,160,501
3,1874,160,1001
3,3096,160,1501
3,3630,160,2001
3,3965,160,2501
3,4327,160,3001
3,6826,160,3501
3,7152,160,4001
3,8602,160,4501
3,7760,160,5001
3,11995,160,5501
3,11212,160,6001
3,13931,160,6501
3,10035,160,7001
3,12911,160,7501
3,13156,160,8001
3,12683,160,8501
3,17579,160,9001
3,20945,160,9501
3,19351,160,10001
3,673,240,1
3,2069,240,501
3,3187,240,1001
3,4444,240,1501
3,5549,240,2001
3,6646,240,2501
3,6386,240,3001
3,10627,240,3501
3,10332,240,4001
3,10948,240,4501
3,9524,240,5001
3,16123,240,5501
3,16706,240,6001
3,19266,240,6501
3,17241,240,7001
3,20633,240,7501
3,22598,240,8001
3,16646,240,8501
3,29431,240,9001
3,27296,240,9501
3,23086,240,10001
3,704,280,1
3,2127,280,501
3,3325,280,1001
3,5133,280,1501
3,4643,280,2001
3,6778,280,2501
3,8386,280,3001
3,11247,280,3501
3,13174,280,4001
3,12192,280,4501
3,11129,280,5001
3,16684,280,5501
3,18692,280,6001
3,20388,280,6501
3,23679,280,7001
3,21825,280,7501
3,24552,280,8001
3,24729,280,8501
3,27127,280,9001
3,39491,280,9501
3,41936,280,10001
3,696,320,1
3,2395,320,501
3,4120,320,1001
3,6614,320,1501
3,7029,320,2001
3,9757,320,2501
3,10107,320,3001
3,13960,320,3501
3,16385,320,4001
3,18162,320,4501
3,18039,320,5001
3,21860,320,5501
3,23884,320,6001
3,22152,320,6501
3,25812,320,7001
3,22998,320,7501
3,26751,320,8001
3,24138,320,8501
3,32601,320,9001
3,37614,320,9501
3,41703,320,10001
3,1106,360,1
3,2825,360,501
3,4641,360,1001
3,6363,360,1501
3,6441,360,2001
3,9445,360,2501
3,12588,360,3001
3,15661,360,3501
3,15973,360,4001
3,17084,360,4501
3,16009,360,5001
3,27059,360,5501
3,27611,360,6001
3,21576,360,6501
3,25734,360,7001
3,30113,360,7501
3,30316,360,8001
3,33878,360,8501
3,60366,360,9001
3,38936,360,9501
3,41391,360,10001
3,1072,400,1
3,3953,400,501
3,5259,400,1001
3,9268,400,1501
3,10075,400,2001
3,10313,400,2501
3,10848,400,3001
3,13370,400,3501
3,14499,400,4001
3,16427,400,4501
3,16639,400,5001
3,22583,400,5501
3,27108,400,6001
3,28956,400,6501
3,29280,400,7001
3,31581,400,7501
3,41536,400,8001
3,34659,400,8501
3,47497,400,9001
3,40518,400,9501
3,57324,400,10001
4,69,1,1
4,76,1,501
4,111,1,1001
4,145,1,1501
4,126,1,2001
4,151,1,2501
4,117,1,3001
4,156,1,3501
4,150,1,4001
4,168,1,4501
4,152,1,5001
4,203,1,5501
4,302,1,6001
4,224,1,6501
4,208,1,7001
4,258,1,7501
4,281,1,8001
4,270,1,8501
4,320,1,9001
4,234,1,9501
4,221,1,10001
4,21,2,1
4,45,2,501
4,99,2,1001
4,122,2,1501
4,118,2,2001
4,153,2,2501
4,180,2,3001
4,221,2,3501
4,288,2,4001
4,466,2,4501
4,576,2,5001
4,715,2,5501
4,1277,2,6001
4,837,2,6501
4,433,2,7001
4,459,2,7501
4,413,2,8001
4,369,2,8501
4,399,2,9001
4,594,2,9501
4,522,2,10001
4,20,3,1
4,100,3,501
4,135,3,1001
4,217,3,1501
4,269,3,2001
4,260,3,2501
4,236,3,3001
4,265,3,3501
4,286,3,4001
4,300,3,4501
4,295,3,5001
4,429,3,5501
4,475,3,6001
4,439,3,6501
4,394,3,7001
4,356,3,7501
4,368,3,8001
4,478,3,8501
4,545,3,9001
4,565,3,9501
4,538,3,10001
4,44,4,1
4,139,4,501
4,172,4,1001
4,250,4,1501
4,212,4,2001
4,238,4,2501
4,215,4,3001
4,311,4,3501
4,364,4,4001
4,318,4,4501
4,310,4,5001
4,353,4,5501
4,438,4,6001
4,569,4,6501
4,566,4,7001
4,467,4,7501
4,491,4,8001
4,426,4,8501
4,708,4,9001
4,815,4,9501
4,714,4,10001
4,37,5,1
4,113,5,501
4,163,5,1001
4,203,5,1501
4,177,5,2001
4,245,5,2501
4,264,5,3001
4,367,5,3501
4,579,5,4001
4,475,5,4501
4,437,5,5001
4,495,5,5501
4,497,5,6001
4,516,5,6501
4,623,5,7001
4,743,5,7501
4,689,5,8001
4,528,5,8501
4,696,5,9001
4,781,5,9501
4,778,5,10001
4,51,6,1
4,144,6,501
4,145,6,1001
4,201,6,1501
4,252,6,2001
4,315,6,2501
4,318,6,3001
4,359,6,3501
4,390,6,4001
4,476,6,4501
4,468,6,5001
4,553,6,5501
4,471,6,6001
4,560,6,6501
4,481,6,7001
4,576,6,7501
4,540,6,8001
4,551,6,8501
4,730,6,9001
4,722,6,9501
4,684,6,10001
4,38,7,1
4,158,7,501
4,165,7,1001
4,237,7,1501
4,243,7,2001
4,321,7,2501
4,316,7,3001
4,310,7,3501
4,360,7,4001
4,384,7,4501
4,391,7,5001
4,501,7,5501
4,533,7,6001
4,499,7,6501
4,511,7,7001
4,454,7,7501
4,429,7,8001
4,426,7,8501
4,639,7,9001
4,820,7,9501
4,826,7,10001
4,52,8,1
4,200,8,501
4,316,8,1001
4,250,8,1501
4,205,8,2001
4,249,8,2501
4,260,8,3001
4,322,8,3501
4,371,8,4001
4,350,8,4501
4,601,8,5001
4,461,8,5501
4,523,8,6001
4,506,8,6501
4,635,8,7001
4,595,8,7501
4,689,8,8001
4,728,8,8501
4,770,8,9001
4,864,8,9501
4,701,8,10001
4,99,16,1
4,178,16,501
4,261,16,1001
4,348,16,1501
4,301,16,2001
4,455,16,2501
4,609,16,3001
4,591,16,3501
4,561,16,4001
4,612,16,4501
4,788,16,5001
4,1038,16,5501
4,1018,16,6001
4,900,16,6501
4,1110,16,7001
4,1127,16,7501
4,998,16,8001
4,950,16,8501
4,1287,16,9001
4,1413,16,9501
4,1585,16,10001
4,96,24,1
4,307,24,501
4,313,24,1001
4,459,24,1501
4,402,24,2001
4,543,24,2501
4,599,24,3001
4,782,24,3501
4,813,24,4001
4,924,24,4501
4,884,24,5001
4,1393,24,5501
4,1498,24,6001
4,1529,24,6501
4,1297,24,7001
4,1779,24,7501
4,1588,24,8001
4,1507,24,8501
4,2290,24,9001
4,2175,24,9501
4,1835,24,10001
4,118,32,1
4,342,32,501
4,420,32,1001
4,522,32,1501
4,477,32,2001
4,625,32,2501
4,733,32,3001
4,1118,32,3501
4,1173,32,4001
4,1357,32,4501
4,1456,32,5001
4,1466,32,5501
4,1698,32,6001
4,1469,32,6501
4,1779,32,7001
4,1978,32,7501
4,2044,32,8001
4,1866,32,8501
4,2633,32,9001
4,2262,32,9501
4,2795,32,10001
4,147,40,1
4,306,40,501
4,495,40,1001
4,754,40,1501
4,724,40,2001
4,896,40,2501
4,861,40,3001
4,1490,40,3501
4,1516,40,4001
4,1459,40,4501
4,1376,40,5001
4,1987,40,5501
4,2023,40,6001
4,1853,40,6501
4,2429,40,7001
4,2305,40,7501
4,2455,40,8001
4,2593,40,8501
4,4133,40,9001
4,3352,40,9501
4,3178,40,10001
4,163,48,1
4,366,48,501
4,533,48,1001
4,886,48,1501
4,849,48,2001
4,1104,48,2501
4,1174,48,3001
4,1795,48,3501
4,1513,48,4001
4,2030,48,4501
4,1837,48,5001
4,2508,48,5501
4,2460,48,6001
4,2824,48,6501
4,2357,48,7001
4,2749,48,7501
4,3135,48,8001
4,2652,48,8501
4,3961,48,9001
4,4199,48,9501
4,4215,48,10001
4,410,120,1
4,854,120,501
4,1195,120,1001
4,1684,120,1501
4,1737,120,2001
4,2436,120,2501
4,2666,120,3001
4,3619,120,3501
4,3964,120,4001
4,4558,120,4501
4,3829,120,5001
4,5191,120,5501
4,6411,120,6001
4,5794,120,6501
4,6077,120,7001
4,6550,120,7501
4,6647,120,8001
4,7045,120,8501
4,8948,120,9001
4,9612,120,9501
4,10523,120,10001
4,457,160,1
4,1161,160,501
4,1805,160,1001
4,2469,160,1501
4,2375,160,2001
4,3472,160,2501
4,3907,160,3001
4,4940,160,3501
4,5781,160,4001
4,5508,160,4501
4,5372,160,5001
4,7923,160,5501
4,8637,160,6001
4,8437,160,6501
4,8057,160,7001
4,8804,160,7501
4,9218,160,8001
4,8542,160,8501
4,13094,160,9001
4,13572,160,9501
4,13722,160,10001
4,546,240,1
4,1765,240,501
4,2049,240,1001
4,3672,240,1501
4,3843,240,2001
4,4925,240,2501
4,5546,240,3001
4,7710,240,3501
4,8112,240,4001
4,8003,240,4501
4,7466,240,5001
4,9874,240,5501
4,12150,240,6001
4,11083,240,6501
4,14073,240,7001
4,13191,240,7501
4,14013,240,8001
4,13868,240,8501
4,18985,240,9001
4,20067,240,9501
4,20176,240,10001
4,628,280,1
4,1856,280,501
4,2274,280,1001
4,4228,280,1501
4,4607,280,2001
4,5459,280,2501
4,7379,280,3001
4,7975,280,3501
4,9340,280,4001
4,9560,280,4501
4,9676,280,5001
4,13467,280,5501
4,14595,280,6001
4,14246,280,6501
4,15484,280,7001
4,15521,280,7501
4,14272,280,8001
4,16795,280,8501
4,22050,280,9001
4,19789,280,9501
4,22209,280,10001
4,885,320,1
4,2015,320,501
4,3158,320,1001
4,5004,320,1501
4,4979,320,2001
4,6746,320,2501
4,8437,320,3001
4,11017,320,3501
4,12184,320,4001
4,11936,320,4501
4,11961,320,5001
4,15064,320,5501
4,15965,320,6001
4,16970,320,6501
4,17547,320,7001
4,18228,320,7501
4,19719,320,8001
4,19409,320,8501
4,26911,320,9001
4,26456,320,9501
4,27315,320,10001
4,1008,360,1
4,2444,360,501
4,3456,360,1001
4,5101,360,1501
4,5451,360,2001
4,6453,360,2501
4,8122,360,3001
4,10524,360,3501
4,11001,360,4001
4,12875,360,4501
4,13257,360,5001
4,17729,360,5501
4,15828,360,6001
4,17501,360,6501
4,16137,360,7001
4,18340,360,7501
4,23152,360,8001
4,20060,360,8501
4,25335,360,9001
4,26863,360,9501
4,27156,360,10001
4,996,400,1
4,2656,400,501
4,3618,400,1001
4,5798,400,1501
4,6072,400,2001
4,8273,400,2501
4,8904,400,3001
4,12291,400,3501
4,11479,400,4001
4,13688,400,4501
4,14010,400,5001
4,17174,400,5501
4,20266,400,6001
4,21006,400,6501
4,19235,400,7001
4,22569,400,7501
4,22846,400,8001
4,21314,400,8501
4,32106,400,9001
4,30286,400,9501
4,27644,400,10001
5,27,1,1
5,52,1,501
5,50,1,1001
5,78,1,1501
5,91,1,2001
5,131,1,2501
5,127,1,3001
5,270,1,3501
5,173,1,4001
5,168,1,4501
5,141,1,5001
5,188,1,5501
5,190,1,6001
5,165,1,6501
5,274,1,7001
5,259,1,7501
5,263,1,8001
5,268,1,8501
5,308,1,9001
5,262,1,9501
5,267,1,10001
5,20,2,1
5,59,2,501
5,69,2,1001
5,129,2,1501
5,120,2,2001
5,135,2,2501
5,158,2,3001
5,204,2,3501
5,213,2,4001
5,317,2,4501
5,309,2,5001
5,330,2,5501
5,364,2,6001
5,359,2,6501
5,338,2,7001
5,405,2,7501
5,391,2,8001
5,491,2,8501
5,498,2,9001
5,564,2,9501
5,445,2,10001
5,33,3,1
5,91,3,501
5,106,3,1001
5,178,3,1501
5,188,3,2001
5,225,3,2501
5,256,3,3001
5,278,3,3501
5,324,3,4001
5,407,3,4501
5,365,3,5001
5,372,3,5501
5,383,3,6001
5,440,3,6501
5,493,3,7001
5,815,3,7501
5,637,3,8001
5,444,3,8501
5,590,3,9001
5,551,3,9501
5,586,3,10001
5,40,4,1
5,97,4,501
5,136,4,1001
5,189,4,1501
5,203,4,2001
5,306,4,2501
5,273,4,3001
5,314,4,3501
5,312,4,4001
5,651,4,4501
5,358,4,5001
5,510,4,5501
5,449,4,6001
5,574,4,6501
5,553,4,7001
5,547,4,7501
5,622,4,8001
5,613,4,8501
5,678,4,9001
5,538,4,9501
5,549,4,10001
5,65,5,1
5,153,5,501
5,230,5,1001
5,296,5,1501
5,244,5,2001
5,300,5,2501
5,262,5,3001
5,491,5,3501
5,403,5,4001
5,469,5,4501
5,510,5,5001
5,487,5,5501
5,596,5,6001
5,596,5,6501
5,637,5,7001
5,514,5,7501
5,651,5,8001
5,1520,5,8501
5,2502,5,9001
5,2479,5,9501
5,1413,5,10001
5,316,6,1
5,195,6,501
5,355,6,1001
5,213,6,1501
5,210,6,2001
5,248,6,2501
5,260,6,3001
5,396,6,3501
5,517,6,4001
5,592,6,4501
5,370,6,5001
5,627,6,5501
5,712,6,6001
5,823,6,6501
5,1073,6,7001
5,902,6,7501
5,899,6,8001
5,540,6,8501
5,737,6,9001
5,743,6,9501
5,681,6,10001
5,62,7,1
5,143,7,501
5,160,7,1001
5,202,7,1501
5,204,7,2001
5,263,7,2501
5,320,7,3001
5,400,7,3501
5,488,7,4001
5,430,7,4501
5,397,7,5001
5,493,7,5501
5,520,7,6001
5,603,7,6501
5,557,7,7001
5,482,7,7501
5,528,7,8001
5,549,7,8501
5,650,7,9001
5,679,7,9501
5,927,7,10001
5,79,8,1
5,141,8,501
5,193,8,1001
5,239,8,1501
5,258,8,2001
5,317,8,2501
5,314,8,3001
5,835,8,3501
5,463,8,4001
5,431,8,4501
5,386,8,5001
5,604,8,5501
5,584,8,6001
5,543,8,6501
5,504,8,7001
5,764,8,7501
5,613,8,8001
5,721,8,8501
5,793,8,9001
5,748,8,9501
5,737,8,10001
5,94,16,1
5,215,16,501
5,225,16,1001
5,279,16,1501
5,271,16,2001
5,343,16,2501
5,373,16,3001
5,521,16,3501
5,656,16,4001
5,728,16,4501
5,568,16,5001
5,784,16,5501
5,798,16,6001
5,835,16,6501
5,1005,16,7001
5,904,16,7501
5,869,16,8001
5,892,16,8501
5,1283,16,9001
5,1546,16,9501
5,1437,16,10001
5,104,24,1
5,188,24,501
5,228,24,1001
5,317,24,1501
5,331,24,2001
5,451,24,2501
5,516,24,3001
5,624,24,3501
5,692,24,4001
5,801,24,4501
5,844,24,5001
5,1156,24,5501
5,1219,24,6001
5,1157,24,6501
5,1260,24,7001
5,1346,24,7501
5,1446,24,8001
5,1145,24,8501
5,1684,24,9001
5,1767,24,9501
5,2265,24,10001
5,116,32,1
5,306,32,501
5,351,32,1001
5,488,32,1501
5,491,32,2001
5,607,32,2501
5,630,32,3001
5,790,32,3501
5,887,32,4001
5,956,32,4501
5,1028,32,5001
5,1518,32,5501
5,1358,32,6001
5,1399,32,6501
5,1464,32,7001
5,1389,32,7501
5,1436,32,8001
5,1386,32,8501
5,2553,32,9001
5,2231,32,9501
5,2218,32,10001
5,167,40,1
5,295,40,501
5,350,40,1001
5,482,40,1501
5,538,40,2001
5,790,40,2501
5,784,40,3001
5,1563,40,3501
5,1072,40,4001
5,1194,40,4501
5,1597,40,5001
5,1797,40,5501
5,1709,40,6001
5,1788,40,6501
5,2139,40,7001
5,1851,40,7501
5,1826,40,8001
5,2258,40,8501
5,2705,40,9001
5,3108,40,9501
5,2966,40,10001
5,142,48,1
5,299,48,501
5,447,48,1001
5,598,48,1501
5,593,48,2001
5,932,48,2501
5,1077,48,3001
5,1220,48,3501
5,1380,48,4001
5,2084,48,4501
5,1568,48,5001
5,1990,48,5501
5,1953,48,6001
5,2135,48,6501
5,2134,48,7001
5,2771,48,7501
5,2446,48,8001
5,2276,48,8501
5,2987,48,9001
5,3076,48,9501
5,3960,48,10001
5,355,120,1
5,650,120,501
5,1035,120,1001
5,1688,120,1501
5,1413,120,2001
5,1852,120,2501
5,2651,120,3001
5,3030,120,3501
5,4268,120,4001
5,3817,120,4501
5,5493,120,5001
5,5019,120,5501
5,4787,120,6001
5,4700,120,6501
5,4953,120,7001
5,5183,120,7501
5,6000,120,8001
5,5570,120,8501
5,7818,120,9001
5,8219,120,9501
5,8574,120,10001
5,402,160,1
5,926,160,501
5,1294,160,1001
5,1994,160,1501
5,1964,160,2001
5,3395,160,2501
5,2915,160,3001
5,4092,160,3501
5,4337,160,4001
5,4681,160,4501
5,3998,160,5001
5,6178,160,5501
5,7091,160,6001
5,7654,160,6501
5,8168,160,7001
5,8097,160,7501
5,7437,160,8001
5,7370,160,8501
5,9780,160,9001
5,11130,160,9501
5,11515,160,10001
5,515,240,1
5,1318,240,501
5,2108,240,1001
5,2760,240,1501
5,3059,240,2001
5,3928,240,2501
5,4895,240,3001
5,6575,240,3501
5,6747,240,4001
5,7084,240,4501
5,7041,240,5001
5,8979,240,5501
5,10245,240,6001
5,10438,240,6501
5,10212,240,7001
5,11514,240,7501
5,11941,240,8001
5,12093,240,8501
5,15591,240,9001
5,15900,240,9501
5,16305,240,10001
5,634,280,1
5,1610,280,501
5,2220,280,1001
5,3318,280,1501
5,3903,280,2001
5,5116,280,2501
5,5303,280,3001
5,7539,280,3501
5,7071,280,4001
5,8903,280,4501
5,8728,280,5001
5,11323,280,5501
5,12730,280,6001
5,13264,280,6501
5,11654,280,7001
5,12744,280,7501
5,11947,280,8001
5,13145,280,8501
5,17174,280,9001
5,19535,280,9501
5,19304,280,10001
5,704,320,1
5,1804,320,501
5,2828,320,1001
5,3752,320,1501
5,4191,320,2001
5,5326,320,2501
5,5841,320,3001
5,8617,320,3501
5,9800,320,4001
5,8979,320,4501
5,9548,320,5001
5,12662,320,5501
5,13239,320,6001
5,12427,320,6501
5,13287,320,7001
5,14912,320,7501
5,14820,320,8001
5,14141,320,8501
5,21829,320,9001
5,23124,320,9501
5,21589,320,10001
5,1185,360,1
5,2327,360,501
5,2803,360,1001
5,4964,360,1501
5,4329,360,2001
5,5953,360,2501
5,7258,360,3001
5,9090,360,3501
5,8808,360,4001
5,9963,360,4501
5,9925,360,5001
5,12713,360,5501
5,15022,360,6001
5,14150,360,6501
5,14100,360,7001
5,17432,360,7501
5,17361,360,8001
5,18159,360,8501
5,26639,360,9001
5,23872,360,9501
5,22885,360,10001
5,835,400,1
5,2350,400,501
5,3540,400,1001
5,5096,400,1501
5,4751,400,2001
5,6550,400,2501
5,7708,400,3001
5,10677,400,3501
5,10927,400,4001
5,11515,400,4501
5,11829,400,5001
5,15828,400,5501
5,16824,400,6001
5,16422,400,6501
5,15381,400,7001
5,17429,400,7501
5,18383,400,8001
5,21611,400,8501
5,29104,400,9001
5,28112,400,9501
5,28514,400,10001
6,14,1,1
6,56,1,501
6,183,1,1001
6,82,1,1501
6,80,1,2001
6,85,1,2501
6,102,1,3001
6,118,1,3501
6,128,1,4001
6,135,1,4501
6,130,1,5001
6,166,1,5501
6,245,1,6001
6,186,1,6501
6,200,1,7001
6,186,1,7501
6,189,1,8001
6,198,1,8501
6,259,1,9001
6,251,1,9501
6,375,1,10001
6,22,2,1
6,62,2,501
6,86,2,1001
6,143,2,1501
6,134,2,2001
6,178,2,2501
6,218,2,3001
6,227,2,3501
6,307,2,4001
6,261,2,4501
6,236,2,5001
6,344,2,5501
6,449,2,6001
6,436,2,6501
6,442,2,7001
6,411,2,7501
6,356,2,8001
6,364,2,8501
6,394,2,9001
6,413,2,9501
6,651,2,10001
6,61,3,1
6,112,3,501
6,129,3,1001
6,228,3,1501
6,196,3,2001
6,231,3,2501
6,220,3,3001
6,243,3,3501
6,280,3,4001
6,368,3,4501
6,327,3,5001
6,454,3,5501
6,419,3,6001
6,346,3,6501
6,365,3,7001
6,412,3,7501
6,413,3,8001
6,457,3,8501
6,593,3,9001
6,573,3,9501
6,596,3,10001
6,28,4,1
6,100,4,501
6,138,4,1001
6,179,4,1501
6,184,4,2001
6,313,4,2501
6,354,4,3001
6,377,4,3501
6,305,4,4001
6,287,4,4501
6,322,4,5001
6,522,4,5501
6,482,4,6001
6,433,4,6501
6,430,4,7001
6,531,4,7501
6,552,4,8001
6,573,4,8501
6,585,4,9001
6,644,4,9501
6,615,4,10001
6,29,5,1
6,122,5,501
6,163,5,1001
6,204,5,1501
6,198,5,2001
6,298,5,2501
6,346,5,3001
6,301,5,3501
6,342,5,4001
6,361,5,4501
6,626,5,5001
6,624,5,5501
6,503,5,6001
6,521,5,6501
6,539,5,7001
6,496,5,7501
6,446,5,8001
6,455,5,8501
6,728,5,9001
6,654,5,9501
6,724,5,10001
6,54,6,1
6,148,6,501
6,212,6,1001
6,244,6,1501
6,383,6,2001
6,314,6,2501
6,357,6,3001
6,412,6,3501
6,349,6,4001
6,348,6,4501
6,417,6,5001
6,562,6,5501
6,461,6,6001
6,489,6,6501
6,543,6,7001
6,576,6,7501
6,688,6,8001
6,718,6,8501
6,1065,6,9001
6,809,6,9501
6,727,6,10001
6,53,7,1
6,182,7,501
6,229,7,1001
6,237,7,1501
6,283,7,2001
6,311,7,2501
6,296,7,3001
6,366,7,3501
6,359,7,4001
6,490,7,4501
6,508,7,5001
6,605,7,5501
6,617,7,6001
6,590,7,6501
6,945,7,7001
6,546,7,7501
6,719,7,8001
6,521,7,8501
6,865,7,9001
6,755,7,9501
6,1120,7,10001
6,80,8,1
6,182,8,501
6,223,8,1001
6,291,8,1501
6,411,8,2001
6,280,8,2501
6,331,8,3001
6,460,8,3501
6,442,8,4001
6,378,8,4501
6,400,8,5001
6,573,8,5501
6,601,8,6001
6,688,8,6501
6,786,8,7001
6,567,8,7501
6,692,8,8001
6,573,8,8501
6,1429,8,9001
6,1339,8,9501
6,764,8,10001
6,107,16,1
6,232,16,501
6,300,16,1001
6,352,16,1501
6,358,16,2001
6,378,16,2501
6,457,16,3001
6,543,16,3501
6,608,16,4001
6,705,16,4501
6,562,16,5001
6,681,16,5501
6,822,16,6001
6,1416,16,6501
6,1206,16,7001
6,1186,16,7501
6,2039,16,8001
6,5527,16,8501
6,7206,16,9001
6,5869,16,9501
6,1901,16,10001
6,129,24,1
6,289,24,501
6,371,24,1001
6,580,24,1501
6,498,24,2001
6,611,24,2501
6,2135,24,3001
6,1241,24,3501
6,1525,24,4001
6,903,24,4501
6,625,24,5001
6,960,24,5501
6,1329,24,6001
6,1376,24,6501
6,1143,24,7001
6,1007,24,7501
6,1037,24,8001
6,1055,24,8501
6,1571,24,9001
6,1894,24,9501
6,2577,24,10001
6,248,32,1
6,251,32,501
6,302,32,1001
6,631,32,1501
6,962,32,2001
6,1081,32,2501
6,852,32,3001
6,909,32,3501
6,1170,32,4001
6,1400,32,4501
6,949,32,5001
6,1309,32,5501
6,1232,32,6001
6,1423,32,6501
6,1778,32,7001
6,1332,32,7501
6,1717,32,8001
6,1671,32,8501
6,2006,32,9001
6,2162,32,9501
6,2140,32,10001
6,129,40,1
6,246,40,501
6,348,40,1001
6,573,40,1501
6,662,40,2001
6,751,40,2501
6,765,40,3001
6,940,40,3501
6,1173,40,4001
6,1040,40,4501
6,1055,40,5001
6,1554,40,5501
6,1520,40,6001
6,2176,40,6501
6,1589,40,7001
6,2207,40,7501
6,1982,40,8001
6,1695,40,8501
6,2569,40,9001
6,2548,40,9501
6,2713,40,10001
6,147,48,1
6,281,48,501
6,396,48,1001
6,560,48,1501
6,527,48,2001
6,816,48,2501
6,906,48,3001
6,1378,48,3501
6,1217,48,4001
6,1373,48,4501
6,1415,48,5001
6,1916,48,5501
6,1693,48,6001
6,1986,48,6501
6,2308,48,7001
6,1909,48,7501
6,1920,48,8001
6,1920,48,8501
6,2641,48,9001
6,3180,48,9501
6,3081,48,10001
6,350,120,1
6,713,120,501
6,994,120,1001
6,1282,120,1501
6,1460,120,2001
6,2001,120,2501
6,2613,120,3001
6,2846,120,3501
6,2916,120,4001
6,2815,120,4501
6,4025,120,5001
6,4130,120,5501
6,4397,120,6001
6,5254,120,6501
6,5154,120,7001
6,4419,120,7501
6,7221,120,8001
6,5606,120,8501
6,6654,120,9001
6,7928,120,9501
6,7645,120,10001
6,422,160,1
6,831,160,501
6,1316,160,1001
6,2033,160,1501
6,1669,160,2001
6,2685,160,2501
6,2853,160,3001
6,3395,160,3501
6,3816,160,4001
6,4414,160,4501
6,4047,160,5001
6,5328,160,5501
6,6098,160,6001
6,6890,160,6501
6,7308,160,7001
6,7036,160,7501
6,7286,160,8001
6,7117,160,8501
6,9761,160,9001
6,9178,160,9501
6,9502,160,10001
6,463,240,1
6,1240,240,501
6,1620,240,1001
6,3009,240,1501
6,2776,240,2001
6,3536,240,2501
6,4005,240,3001
6,5202,240,3501
6,6284,240,4001
6,6138,240,4501
6,5859,240,5001
6,8967,240,5501
6,8629,240,6001
6,8419,240,6501
6,8498,240,7001
6,9406,240,7501
6,9209,240,8001
6,10633,240,8501
6,13646,240,9001
6,17295,240,9501
6,15522,240,10001
6,619,280,1
6,1396,280,501
6,1825,280,1001
6,3582,280,1501
6,3928,280,2001
6,4076,280,2501
6,4783,280,3001
6,6074,280,3501
6,6018,280,4001
6,7417,280,4501
6,6345,280,5001
6,11495,280,5501
6,10762,280,6001
6,9554,280,6501
6,10783,280,7001
6,10902,280,7501
6,11143,280,8001
6,11457,280,8501
6,17029,280,9001
6,16710,280,9501
6,16644,280,10001
6,703,320,1
6,1694,320,501
6,2390,320,1001
6,3877,320,1501
6,3632,320,2001
6,5243,320,2501
6,5723,320,3001
6,6801,320,3501
6,7473,320,4001
6,8141,320,4501
6,7495,320,5001
6,11223,320,5501
6,13699,320,6001
6,11295,320,6501
6,12588,320,7001
6,13159,320,7501
6,13688,320,8001
6,13517,320,8501
6,18404,320,9001
6,18726,320,9501
6,17885,320,10001
6,960,360,1
6,2268,360,501
6,3031,360,1001
6,4163,360,1501
6,3912,360,2001
6,5546,360,2501
6,6260,360,3001
6,7459,360,3501
6,7916,360,4001
6,9039,360,4501
6,8389,360,5001
6,13050,360,5501
6,13804,360,6001
6,13240,360,6501
6,13096,360,7001
6,14066,360,7501
6,15996,360,8001
6,15128,360,8501
6,21902,360,9001
6,24379,360,9501
6,22726,360,10001
6,813,400,1
6,2106,400,501
6,2913,400,1001
6,4631,400,1501
6,4670,400,2001
6,5572,400,2501
6,6848,400,3001
6,8555,400,3501
6,9884,400,4001
6,11086,400,4501
6,10051,400,5001
6,12701,400,5501
6,13138,400,6001
6,13731,400,6501
6,14721,400,7001
6,16032,400,7501
6,16553,400,8001
6,15780,400,8501
6,32573,400,9001
6,21849,400,9501
6,22513,400,10001
7,79,1,1
7,33,1,501
7,128,1,1001
7,153,1,1501
7,141,1,2001
7,195,1,2501
7,189,1,3001
7,389,1,3501
7,318,1,4001
7,322,1,4501
7,340,1,5001
7,473,1,5501
7,464,1,6001
7,481,1,6501
7,409,1,7001
7,222,1,7501
7,250,1,8001
7,236,1,8501
7,294,1,9001
7,277,1,9501
7,297,1,10001
7,30,2,1
7,60,2,501
7,78,2,1001
7,113,2,1501
7,125,2,2001
7,158,2,2501
7,181,2,3001
7,237,2,3501
7,237,2,4001
7,255,2,4501
7,248,2,5001
7,323,2,5501
7,372,2,6001
7,487,2,6501
7,414,2,7001
7,803,2,7501
7,510,2,8001
7,459,2,8501
7,914,2,9001
7,591,2,9501
7,540,2,10001
7,25,3,1
7,75,3,501
7,124,3,1001
7,208,3,1501
7,215,3,2001
7,277,3,2501
7,340,3,3001
7,351,3,3501
7,283,3,4001
7,398,3,4501
7,340,3,5001
7,411,3,5501
7,515,3,6001
7,536,3,6501
7,377,3,7001
7,474,3,7501
7,414,3,8001
7,477,3,8501
7,600,3,9001
7,518,3,9501
7,784,3,10001
7,50,4,1
7,110,4,501
7,147,4,1001
7,230,4,1501
7,196,4,2001
7,224,4,2501
7,303,4,3001
7,332,4,3501
7,340,4,4001
7,334,4,4501
7,345,4,5001
7,481,4,5501
7,503,4,6001
7,544,4,6501
7,666,4,7001
7,505,4,7501
7,549,4,8001
7,496,4,8501
7,720,4,9001
7,628,4,9501
7,531,4,10001
7,30,5,1
7,103,5,501
7,138,5,1001
7,183,5,1501
7,175,5,2001
7,300,5,2501
7,260,5,3001
7,307,5,3501
7,373,5,4001
7,407,5,4501
7,436,5,5001
7,452,5,5501
7,484,5,6001
7,465,5,6501
7,538,5,7001
7,553,5,7501
7,469,5,8001
7,465,5,8501
7,601,5,9001
7,846,5,9501
7,667,5,10001
7,35,6,1
7,154,6,501
7,150,6,1001
7,235,6,1501
7,285,6,2001
7,321,6,2501
7,369,6,3001
7,420,6,3501
7,342,6,4001
7,329,6,4501
7,336,6,5001
7,471,6,5501
7,492,6,6001
7,562,6,6501
7,552,6,7001
7,456,6,7501
7,547,6,8001
7,538,6,8501
7,929,6,9001
7,967,6,9501
7,745,6,10001
7,43,7,1
7,169,7,501
7,187,7,1001
7,202,7,1501
7,226,7,2001
7,294,7,2501
7,280,7,3001
7,349,7,3501
7,384,7,4001
7,358,7,4501
7,459,7,5001
7,509,7,5501
7,671,7,6001
7,742,7,6501
7,524,7,7001
7,749,7,7501
7,672,7,8001
7,561,7,8501
7,636,7,9001
7,648,7,9501
7,720,7,10001
7,62,8,1
7,127,8,501
7,213,8,1001
7,220,8,1501
7,356,8,2001
7,360,8,2501
7,329,8,3001
7,416,8,3501
7,445,8,4001
7,749,8,4501
7,660,8,5001
7,746,8,5501
7,611,8,6001
7,598,8,6501
7,812,8,7001
7,698,8,7501
7,614,8,8001
7,766,8,8501
7,741,8,9001
7,865,8,9501
7,865,8,10001
7,74,16,1
7,174,16,501
7,211,16,1001
7,261,16,1501
7,296,16,2001
7,313,16,2501
7,322,16,3001
7,592,16,3501
7,612,16,4001
7,695,16,4501
7,592,16,5001
7,870,16,5501
7,962,16,6001
7,844,16,6501
7,722,16,7001
7,658,16,7501
7,774,16,8001
7,770,16,8501
7,1274,16,9001
7,1619,16,9501
7,1761,16,10001
7,106,24,1
7,247,24,501
7,268,24,1001
7,346,24,1501
7,350,24,2001
7,569,24,2501
7,601,24,3001
7,917,24,3501
7,771,24,4001
7,708,24,4501
7,647,24,5001
7,954,24,5501
7,1049,24,6001
7,886,24,6501
7,1185,24,7001
7,1312,24,7501
7,1501,24,8001
7,1040,24,8501
7,1887,24,9001
7,1636,24,9501
7,1592,24,10001
7,153,32,1
7,253,32,501
7,290,32,1001
7,454,32,1501
7,1003,32,2001
7,618,32,2501
7,615,32,3001
7,731,32,3501
7,702,32,4001
7,968,32,4501
7,917,32,5001
7,1687,32,5501
7,1582,32,6001
7,1833,32,6501
7,1254,32,7001
7,1209,32,7501
7,1820,32,8001
7,1336,32,8501
7,1853,32,9001
7,1820,32,9501
7,2226,32,10001
7,168,40,1
7,662,40,501
7,386,40,1001
7,490,40,1501
7,877,40,2001
7,727,40,2501
7,658,40,3001
7,783,40,3501
7,1155,40,4001
7,1328,40,4501
7,1425,40,5001
7,1422,40,5501
7,1695,40,6001
7,1280,40,6501
7,1659,40,7001
7,1463,40,7501
7,2501,40,8001
7,1951,40,8501
7,5771,40,9001
7,5402,40,9501
7,8379,40,10001
7,225,48,1
7,1124,48,501
7,623,48,1001
7,941,48,1501
7,925,48,2001
7,888,48,2501
7,1016,48,3001
7,1515,48,3501
7,2293,48,4001
7,3640,48,4501
7,2409,48,5001
7,1562,48,5501
7,1824,48,6001
7,1822,48,6501
7,2841,48,7001
7,1824,48,7501
7,2443,48,8001
7,1866,48,8501
7,3316,48,9001
7,2962,48,9501
7,2480,48,10001
7,311,120,1
7,629,120,501
7,847,120,1001
7,1139,120,1501
7,2078,120,2001
7,2357,120,2501
7,1910,120,3001
7,2160,120,3501
7,2532,120,4001
7,3414,120,4501
7,3052,120,5001
7,4020,120,5501
7,3940,120,6001
7,4465,120,6501
7,4184,120,7001
7,4869,120,7501
7,5249,120,8001
7,4462,120,8501
7,6380,120,9001
7,6284,120,9501
7,6212,120,10001
7,683,160,1
7,798,160,501
7,1108,160,1001
7,1626,160,1501
7,1646,160,2001
7,2418,160,2501
7,3243,160,3001
7,3141,160,3501
7,3357,160,4001
7,3730,160,4501
7,5031,160,5001
7,6796,160,5501
7,7649,160,6001
7,5710,160,6501
7,6453,160,7001
7,6984,160,7501
7,7256,160,8001
7,5974,160,8501
7,9432,160,9001
7,7815,160,9501
7,9192,160,10001
7,555,240,1
7,1286,240,501
7,1754,240,1001
7,2362,240,1501
7,2654,240,2001
7,3193,240,2501
7,3455,240,3001
7,5224,240,3501
7,5254,240,4001
7,5262,240,4501
7,5666,240,5001
7,7598,240,5501
7,9511,240,6001
7,7881,240,6501
7,8213,240,7001
7,8411,240,7501
7,8666,240,8001
7,9746,240,8501
7,13157,240,9001
7,12028,240,9501
7,12545,240,10001
7,653,280,1
7,1877,280,501
7,1974,280,1001
7,3226,280,1501
7,5137,280,2001
7,4046,280,2501
7,4356,280,3001
7,5687,280,3501
7,6023,280,4001
7,6392,280,4501
7,7014,280,5001
7,8838,280,5501
7,8776,280,6001
7,9226,280,6501
7,9395,280,7001
7,10767,280,7501
7,11263,280,8001
7,9836,280,8501
7,13083,280,9001
7,15714,280,9501
7,15202,280,10001
7,610,320,1
7,2067,320,501
7,2244,320,1001
7,3068,320,1501
7,2883,320,2001
7,4729,320,2501
7,5506,320,3001
7,7056,320,3501
7,6412,320,4001
7,8034,320,4501
7,7045,320,5001
7,10661,320,5501
7,11472,320,6001
7,11199,320,6501
7,11240,320,7001
7,11905,320,7501
7,12141,320,8001
7,11269,320,8501
7,16219,320,9001
7,17082,320,9501
7,16942,320,10001
7,934,360,1
7,1799,360,501
7,2676,360,1001
7,3626,360,1501
7,3525,360,2001
7,4870,360,2501
7,5776,360,3001
7,6842,360,3501
7,7770,360,4001
7,8595,360,4501
7,8011,360,5001
7,10887,360,5501
7,11893,360,6001
7,12635,360,6501
7,12370,360,7001
7,12258,360,7501
7,13710,360,8001
7,14620,360,8501
7,17392,360,9001
7,19917,360,9501
7,18113,360,10001
7,1330,400,1
7,2137,400,501
7,2714,400,1001
7,4605,400,1501
7,4364,400,2001
7,5378,400,2501
7,6872,400,3001
7,7326,400,3501
7,9418,400,4001
7,9568,400,4501
7,8790,400,5001
7,12739,400,5501
7,13056,400,6001
7,13103,400,6501
7,13149,400,7001
7,14224,400,7501
7,14589,400,8001
7,16649,400,8501
7,21166,400,9001
7,21987,400,9501
7,22354,400,10001
8,76,1,1
8,96,1,501
8,88,1,1001
8,65,1,1501
8,79,1,2001
8,122,1,2501
8,85,1,3001
8,205,1,3501
8,165,1,4001
8,125,1,4501
8,127,1,5001
8,254,1,5501
8,194,1,6001
8,166,1,6501
8,236,1,7001
8,179,1,7501
8,188,1,8001
8,194,1,8501
8,337,1,9001
8,305,1,9501
8,280,1,10001
8,18,2,1
8,50,2,501
8,108,2,1001
8,145,2,1501
8,230,2,2001
8,165,2,2501
8,198,2,3001
8,201,2,3501
8,224,2,4001
8,225,2,4501
8,235,2,5001
8,321,2,5501
8,337,2,6001
8,333,2,6501
8,363,2,7001
8,363,2,7501
8,398,2,8001
8,402,2,8501
8,774,2,9001
8,518,2,9501
8,717,2,10001
8,31,3,1
8,75,3,501
8,99,3,1001
8,171,3,1501
8,179,3,2001
8,219,3,2501
8,318,3,3001
8,330,3,3501
8,328,3,4001
8,315,3,4501
8,303,3,5001
8,353,3,5501
8,367,3,6001
8,451,3,6501
8,627,3,7001
8,449,3,7501
8,483,3,8001
8,410,3,8501
8,588,3,9001
8,736,3,9501
8,1014,3,10001
8,36,4,1
8,101,4,501
8,186,4,1001
8,208,4,1501
8,201,4,2001
8,219,4,2501
8,242,4,3001
8,301,4,3501
8,399,4,4001
8,395,4,4501
8,489,4,5001
8,673,4,5501
8,476,4,6001
8,739,4,6501
8,844,4,7001
8,566,4,7501
8,509,4,8001
8,525,4,8501
8,841,4,9001
8,855,4,9501
8,750,4,10001
8,47,5,1
8,157,5,501
8,184,5,1001
8,418,5,1501
8,240,5,2001
8,322,5,2501
8,238,5,3001
8,300,5,3501
8,344,5,4001
8,352,5,4501
8,343,5,5001
8,446,5,5501
8,445,5,6001
8,583,5,6501
8,470,5,7001
8,470,5,7501
8,548,5,8001
8,700,5,8501
8,784,5,9001
8,759,5,9501
8,670,5,10001
8,53,6,1
8,122,6,501
8,201,6,1001
8,224,6,1501
8,257,6,2001
8,470,6,2501
8,364,6,3001
8,336,6,3501
8,337,6,4001
8,405,6,4501
8,350,6,5001
8,531,6,5501
8,548,6,6001
8,552,6,6501
8,502,6,7001
8,532,6,7501
8,561,6,8001
8,508,6,8501
8,715,6,9001
8,1056,6,9501
8,706,6,10001
8,44,7,1
8,142,7,501
8,185,7,1001
8,265,7,1501
8,235,7,2001
8,290,7,2501
8,310,7,3001
8,355,7,3501
8,352,7,4001
8,385,7,4501
8,400,7,5001
8,644,7,5501
8,628,7,6001
8,731,7,6501
8,587,7,7001
8,581,7,7501
8,857,7,8001
8,634,7,8501
8,831,7,9001
8,809,7,9501
8,975,7,10001
8,85,8,1
8,176,8,501
8,259,8,1001
8,243,8,1501
8,238,8,2001
8,376,8,2501
8,283,8,3001
8,433,8,3501
8,491,8,4001
8,416,8,4501
8,385,8,5001
8,476,8,5501
8,458,8,6001
8,611,8,6501
8,712,8,7001
8,676,8,7501
8,659,8,8001
8,686,8,8501
8,762,8,9001
8,805,8,9501
8,758,8,10001
8,93,16,1
8,181,16,501
8,245,16,1001
8,303,16,1501
8,291,16,2001
8,424,16,2501
8,494,16,3001
8,610,16,3501
8,864,16,4001
8,767,16,4501
8,700,16,5001
8,793,16,5501
8,687,16,6001
8,861,16,6501
8,727,16,7001
8,1272,16,7501
8,783,16,8001
8,1573,16,8501
8,1167,16,9001
8,1285,16,9501
8,1122,16,10001
8,148,24,1
8,217,24,501
8,355,24,1001
8,589,24,1501
8,401,24,2001
8,539,24,2501
8,844,24,3001
8,839,24,3501
8,1025,24,4001
8,740,24,4501
8,635,24,5001
8,786,24,5501
8,1104,24,6001
8,1023,24,6501
8,958,24,7001
8,1357,24,7501
8,1319,24,8001
8,1099,24,8501
8,1452,24,9001
8,2189,24,9501
8,3575,24,10001
8,132,32,1
8,266,32,501
8,376,32,1001
8,473,32,1501
8,439,32,2001
8,872,32,2501
8,652,32,3001
8,860,32,3501
8,1008,32,4001
8,993,32,4501
8,1163,32,5001
8,1492,32,5501
8,1216,32,6001
8,1397,32,6501
8,1465,32,7001
8,1514,32,7501
8,1495,32,8001
8,1576,32,8501
8,1465,32,9001
8,1841,32,9501
8,1779,32,10001
8,245,40,1
8,298,40,501
8,729,40,1001
8,904,40,1501
8,552,40,2001
8,957,40,2501
8,1495,40,3001
8,1737,40,3501
8,1186,40,4001
8,1126,40,4501
8,1121,40,5001
8,1763,40,5501
8,1353,40,6001
8,1817,40,6501
8,1795,40,7001
8,1609,40,7501
8,2621,40,8001
8,1719,40,8501
8,1935,40,9001
8,2098,40,9501
8,2742,40,10001
8,247,48,1
8,328,48,501
8,461,48,1001
8,602,48,1501
8,557,48,2001
8,654,48,2501
8,1098,48,3001
8,1436,48,3501
8,1262,48,4001
8,1220,48,4501
8,2040,48,5001
8,1720,48,5501
8,1680,48,6001
8,1599,48,6501
8,2306,48,7001
8,2872,48,7501
8,2342,48,8001
8,2811,48,8501
8,3364,48,9001
8,2911,48,9501
8,2795,48,10001
8,361,120,1
8,700,120,501
8,878,120,1001
8,1571,120,1501
8,1142,120,2001
8,2706,120,2501
8,4656,120,3001
8,4108,120,3501
8,2866,120,4001
8,3194,120,4501
8,2282,120,5001
8,3474,120,5501
8,4056,120,6001
8,4468,120,6501
8,4342,120,7001
8,5148,120,7501
8,4523,120,8001
8,4873,120,8501
8,5867,120,9001
8,6425,120,9501
8,6520,120,10001
8,478,160,1
8,1056,160,501
8,1236,160,1001
8,1587,160,1501
8,1473,160,2001
8,2604,160,2501
8,2578,160,3001
8,3707,160,3501
8,3721,160,4001
8,3716,160,4501
8,3996,160,5001
8,5522,160,5501
8,5107,160,6001
8,5375,160,6501
8,5710,160,7001
8,8820,160,7501
8,7392,160,8001
8,34416,160,8501
8,10153,160,9001
8,14382,160,9501
8,10697,160,10001
8,888,240,1
8,1641,240,501
8,2348,240,1001
8,3018,240,1501
8,2185,240,2001
8,5216,240,2501
8,3803,240,3001
8,4465,240,3501
8,6218,240,4001
8,4992,240,4501
8,4858,240,5001
8,6991,240,5501
8,7724,240,6001
8,7513,240,6501
8,7813,240,7001
8,8422,240,7501
8,8655,240,8001
8,9736,240,8501
8,11627,240,9001
8,11820,240,9501
8,13061,240,10001
8,754,280,1
8,2453,280,501
8,2442,280,1001
8,3249,280,1501
8,3273,280,2001
8,4362,280,2501
8,4997,280,3001
8,5452,280,3501
8,6401,280,4001
8,5508,280,4501
8,6437,280,5001
8,8161,280,5501
8,8497,280,6001
8,10925,280,6501
8,9088,280,7001
8,11160,280,7501
8,9009,280,8001
8,10961,280,8501
8,13154,280,9001
8,14792,280,9501
8,13900,280,10001
8,873,320,1
8,1648,320,501
8,2189,320,1001
8,3702,320,1501
8,5032,320,2001
8,3876,320,2501
8,5405,320,3001
8,6564,320,3501
8,5961,320,4001
8,8006,320,4501
8,7821,320,5001
8,9757,320,5501
8,11341,320,6001
8,9929,320,6501
8,9992,320,7001
8,10319,320,7501
8,11310,320,8001
8,11371,320,8501
8,15774,320,9001
8,17449,320,9501
8,17725,320,10001
8,831,360,1
8,1814,360,501
8,2061,360,1001
8,4202,360,1501
8,3591,360,2001
8,4227,360,2501
8,6089,360,3001
8,6657,360,3501
8,7181,360,4001
8,8754,360,4501
8,7456,360,5001
8,10448,360,5501
8,10958,360,6001
8,10343,360,6501
8,12312,360,7001
8,13298,360,7501
8,13151,360,8001
8,13588,360,8501
8,20114,360,9001
8,17837,360,9501
8,17457,360,10001
8,893,400,1
8,3099,400,501
8,3443,400,1001
8,4686,400,1501
8,3671,400,2001
8,4795,400,2501
8,7054,400,3001
8,7335,400,3501
8,8572,400,4001
8,8822,400,4501
8,8903,400,5001
8,12426,400,5501
8,12659,400,6001
8,12745,400,6501
8,12772,400,7001
8,13727,400,7501
8,15295,400,8001
8,15787,400,8501
8,17631,400,9001
8,20237,400,9501
8,19993,400,10001
